{"vali_loss":-46.17211310068766,"_timestamp":1.7456407838196146e+09,"_runtime":28.588142192,"_step":0,"Epoch":1,"Learning_Rate_realtime":0.0001,"_wandb":{"runtime":29},"train_loss":-40.312696388175894}