{"vali_loss":-46.904662886167394,"_timestamp":1.7456320955265741e+09,"_wandb":{"runtime":277},"_runtime":277.59873602,"_step":0,"Epoch":1,"Learning_Rate_realtime":0.0001,"train_loss":-47.117445370391174}