{"precision":0.8839043138294348,"recall":0.906058959380519,"f_score":0.8948445309093348,"_wandb":{"runtime":22},"_timestamp":1.7456510706548493e+09,"_runtime":22.281723456,"_step":0}