{"recall":0.9797791428989323,"_wandb":{"runtime":118},"f_score":0.9613590700344432,"_timestamp":1.7456373178047044e+09,"_runtime":117.557300319,"_step":0,"precision":0.9436188195520496}