{"precision":0.9211482558139535,"recall":0.9792686067473603,"f_score":0.9493196854325303,"_timestamp":1.7455539194780262e+09,"_runtime":52.200862313,"_step":0,"_wandb":{"runtime":52}}