{"Learning_Rate_realtime":0.0001,"train_loss":-47.580262103447545,"vali_loss":-47.0757887739557,"_timestamp":1.7456194248617077e+09,"_runtime":273.901169764,"_wandb":{"runtime":274},"_step":0,"Epoch":1}