{"recall":0.9792686067473603,"f_score":0.9483726150392817,"_timestamp":1.7456200059122756e+09,"_runtime":44.148711081,"_step":0,"_wandb":{"runtime":44},"precision":0.9193665377176016}