{"vali_loss":-47.03149801583354,"_wandb":{"runtime":259},"_timestamp":1.7455538564323392e+09,"_runtime":259.419771639,"_step":0,"Epoch":1,"Learning_Rate_realtime":0.0001,"train_loss":-47.57716370886499}