{"f_score":0.9483726150392817,"_timestamp":1.7456402032161827e+09,"_runtime":44.214746988,"_step":0,"_wandb":{"runtime":44},"precision":0.9193665377176016,"recall":0.9792686067473603}