{"Learning_Rate_realtime":9.045084971874738e-05,"train_loss":-49.17241737434456,"vali_loss":-48.436987215334234,"_timestamp":1.7456505032586796e+09,"_runtime":106.819485191,"_step":3,"_wandb":{"runtime":107},"Epoch":4}