{"Learning_Rate_realtime":9.045084971874738e-05,"_wandb":{"runtime":100},"train_loss":-48.1142622286135,"vali_loss":-47.32536336537954,"_timestamp":1.7456507458231127e+09,"_runtime":100.078116276,"_step":3,"Epoch":4}