{"_timestamp":1.7456359695757804e+09,"_runtime":1234.114664395,"_step":0,"_wandb":{"runtime":1235},"Epoch":1,"Learning_Rate_realtime":0.0001,"train_loss":-48.121749332650246,"vali_loss":-48.254886107387655}