{"_step":0,"_wandb":{"runtime":43},"precision":0.9188626057114843,"recall":0.9653618336337884,"f_score":0.9415384615384615,"_timestamp":1.7456173794510999e+09,"_runtime":42.707302251}