{"Epoch":1,"Learning_Rate_realtime":0.0001,"train_loss":-48.030749137584976,"vali_loss":-47.41795382360851,"_timestamp":1.745616306490244e+09,"_runtime":240.749328572,"_step":0,"_wandb":{"runtime":240}}