{"vali_loss":-46.904662886167394,"_timestamp":1.7456219251332142e+09,"_wandb":{"runtime":307},"_runtime":306.685369671,"_step":0,"Epoch":1,"Learning_Rate_realtime":0.0001,"train_loss":-47.117445370391174}