{"_wandb":{"runtime":143},"_timestamp":1.7456374789012284e+09,"_runtime":142.865881842,"_step":0,"precision":0.9365483618635281,"recall":0.9412571303203159,"f_score":0.9388968422588381}