{"recall":0.9430852433685295,"f_score":0.9305634966012325,"_timestamp":1.745624879447943e+09,"_runtime":45.079891463,"_step":0,"_wandb":{"runtime":45},"precision":0.9183699059561129}