{"precision":0.8901435343692389,"recall":0.9183195218041027,"f_score":0.9040120361083249,"_timestamp":1.745640373984156e+09,"_runtime":21.835395253,"_step":0,"_wandb":{"runtime":22}}