{"_wandb":{"runtime":110},"_runtime":109.800140084,"_step":0,"precision":0.9188036617956445,"recall":0.5908658768465701,"f_score":0.7192166462668299,"_timestamp":1.7456390793597264e+09}