{"recall":0.9792686067473603,"f_score":0.9483726150392817,"_wandb":{"runtime":46},"_timestamp":1.7456190633513765e+09,"_runtime":46.159761888,"_step":0,"precision":0.9193665377176016}