{"Epoch":1,"Learning_Rate_realtime":0.0001,"_wandb":{"runtime":271},"train_loss":-47.117445370391174,"vali_loss":-46.904662886167394,"_timestamp":1.7456247736352873e+09,"_runtime":271.461537496,"_step":0}