{"precision":0.9183699059561129,"recall":0.9430852433685295,"f_score":0.9305634966012325,"_timestamp":1.7456220236019003e+09,"_runtime":46.741602715,"_step":0,"_wandb":{"runtime":47}}