{"recall":0.9792686067473603,"f_score":0.9483726150392817,"_timestamp":1.7456210514079401e+09,"_runtime":44.819726494,"_step":0,"precision":0.9193665377176016,"_wandb":{"runtime":45}}