{"recall":0.9706412567602369,"f_score":0.944789120762048,"_timestamp":1.7456397990784757e+09,"_runtime":44.282503603,"_step":0,"_wandb":{"runtime":44},"precision":0.9202783542912953}