{"recall":0.9474633015709503,"f_score":0.9338155974363855,"_timestamp":1.745616740090376e+09,"_runtime":44.957508821,"_wandb":{"runtime":45},"_step":0,"precision":0.920555486050294}