{"_step":0,"_wandb":{"runtime":123},"precision":0.9379733453493007,"recall":0.9895056311247623,"f_score":0.9630506152299438,"_timestamp":1.7456361398964722e+09,"_runtime":123.496931067}