{"recall":0.9913522012578616,"f_score":0.9644702555117796,"_timestamp":1.7456363671789486e+09,"_runtime":120.048407895,"_step":0,"precision":0.9390077062949173,"_wandb":{"runtime":120}}