{"precision":0.9183014651105041,"recall":0.9523564254442441,"f_score":0.9350189633375474,"_timestamp":1.7456177197251668e+09,"_runtime":43.578472051,"_step":0,"_wandb":{"runtime":44}}