{"_step":0,"precision":0.9183699059561129,"recall":0.9430852433685295,"f_score":0.9305634966012325,"_timestamp":1.7456322609482896e+09,"_wandb":{"runtime":42},"_runtime":42.09755416}