{"_wandb":{"runtime":33},"_timestamp":1.7456510339416652e+09,"_runtime":32.760832476,"_step":0,"Epoch":1,"Learning_Rate_realtime":0.0001,"train_loss":-44.75403131880202,"vali_loss":-49.53648379042342}