{"precision":0.8906505393919582,"recall":0.9253158538242087,"f_score":0.9076523303461372,"_timestamp":1.7456406777304347e+09,"_wandb":{"runtime":21},"_runtime":20.033175211,"_step":0}