{"Epoch":1,"_wandb":{"runtime":257},"Learning_Rate_realtime":0.0001,"train_loss":-47.580262103447545,"vali_loss":-47.0757887739557,"_timestamp":1.7456189791421518e+09,"_runtime":256.900750541,"_step":0}