{"_runtime":51.440388939,"_step":0,"_wandb":{"runtime":51},"precision":0.9193665377176016,"recall":0.9792686067473603,"f_score":0.9483726150392817,"_timestamp":1.745619497425115e+09}