{"_timestamp":1.7456406470918543e+09,"_runtime":29.681102575,"_step":0,"Epoch":1,"_wandb":{"runtime":30},"Learning_Rate_realtime":0.0001,"train_loss":-40.312696388175894,"vali_loss":-46.17211310068766}