{"precision":0.9354799889973868,"recall":0.9948625127980109,"f_score":0.9642578678763822,"_wandb":{"runtime":100},"_timestamp":1.7456345307923062e+09,"_runtime":100.505463427,"_step":0}