{"Epoch":1,"Learning_Rate_realtime":0.0001,"train_loss":-41.95201322194692,"vali_loss":-47.15213099471084,"_timestamp":1.7456405458267727e+09,"_runtime":30.320628859,"_wandb":{"runtime":30},"_step":0}