{"recall":0.9866082925573011,"_wandb":{"runtime":43},"f_score":0.9533407988055245,"_timestamp":1.7455525054778495e+09,"_runtime":43.413238805,"_step":0,"precision":0.9222436206066442}