{"recall":0.9783672418233325,"f_score":0.9484458869055049,"_timestamp":1.745617472791379e+09,"_runtime":42.763462936,"_step":0,"precision":0.9203003875968992,"_wandb":{"runtime":43}}