{"Learning_Rate_realtime":0.0001,"train_loss":-40.312696388175894,"_wandb":{"runtime":29},"vali_loss":-46.17211310068766,"_timestamp":1.7456410398481317e+09,"_runtime":28.873808922,"_step":0,"Epoch":1}