{"_runtime":45.039411292,"_step":0,"_wandb":{"runtime":45},"precision":0.920555486050294,"recall":0.9474633015709503,"f_score":0.9338155974363855,"_timestamp":1.7456166313923836e+09}