{"Learning_Rate_realtime":0.0001,"train_loss":-47.560258696396616,"vali_loss":-48.1086366879012,"_timestamp":1.7456335830380983e+09,"_wandb":{"runtime":1123},"_runtime":1122.135251044,"_step":0,"Epoch":1}