{"Epoch":1,"_wandb":{"runtime":221},"Learning_Rate_realtime":0.0001,"train_loss":-48.362357329274275,"vali_loss":-47.43079578726253,"_timestamp":1.745615732606129e+09,"_runtime":221.558894551,"_step":0}