{"_runtime":43.303414151,"_step":0,"precision":0.9198631810408013,"recall":0.9696111254184908,"f_score":0.9440822467402207,"_timestamp":1.7456170873701694e+09,"_wandb":{"runtime":43}}