{"_wandb":{"runtime":120},"_runtime":119.829563361,"_step":0,"precision":0.9355457278098331,"recall":0.9901089659207255,"f_score":0.9620543248476666,"_timestamp":1.745637866400767e+09}