{"_step":0,"Epoch":1,"Learning_Rate_realtime":0.0001,"_wandb":{"runtime":899},"train_loss":-48.18611133815778,"vali_loss":-48.267406942458926,"_timestamp":1.7456389241959956e+09,"_runtime":898.641727569}