{"Learning_Rate_realtime":0.0001,"train_loss":-47.574198413681195,"_wandb":{"runtime":293},"vali_loss":-47.04278304834876,"_timestamp":1.7456182001367424e+09,"_runtime":293.268479938,"_step":0,"Epoch":1}