{"_runtime":42.610169058,"_wandb":{"runtime":43},"_step":0,"precision":0.918834547346514,"recall":0.9096059747617822,"f_score":0.9141969716578232,"_timestamp":1.74561595577635e+09}