{"_wandb":{"runtime":31},"_runtime":30.699900632,"_step":0,"Epoch":1,"Learning_Rate_realtime":0.0001,"train_loss":-41.12437224173331,"vali_loss":-46.88519723565729,"_timestamp":1.7456403317244205e+09}