{"_timestamp":1.7456199115750334e+09,"_runtime":253.873091495,"_step":0,"Epoch":1,"Learning_Rate_realtime":0.0001,"train_loss":-47.580262103447545,"vali_loss":-47.0757887739557,"_wandb":{"runtime":254}}