{"precision":0.9198631810408013,"recall":0.9696111254184908,"f_score":0.9440822467402207,"_wandb":{"runtime":43},"_timestamp":1.7456172136076632e+09,"_runtime":43.088407091,"_step":0}