{"Learning_Rate_realtime":0.0001,"train_loss":-43.192446436200825,"vali_loss":-44.27044904776005,"_timestamp":1.7456396645160851e+09,"_runtime":257.13823792,"_step":0,"_wandb":{"runtime":257},"Epoch":1}