{"_timestamp":1.745618264729429e+09,"_runtime":46.307194347,"_wandb":{"runtime":46},"_step":0,"precision":0.9202217401783562,"recall":0.9832603656966263,"f_score":0.9506972111553785}