{"f_score":0.9141969716578232,"_timestamp":1.7456157887636926e+09,"_runtime":44.626655533,"_step":0,"precision":0.918834547346514,"recall":0.9096059747617822,"_wandb":{"runtime":45}}