{"_runtime":111.867073042,"_step":0,"precision":0.9361485495366455,"recall":0.9917909902003803,"_wandb":{"runtime":112},"f_score":0.9631668190655434,"_timestamp":1.7456377081414354e+09}