{"_runtime":127.847918758,"_step":0,"precision":0.9360752706769518,"recall":0.9895056311247623,"f_score":0.9620491672147466,"_timestamp":1.7456371448545496e+09,"_wandb":{"runtime":128}}