{"_runtime":262.798871838,"_step":0,"Epoch":1,"_wandb":{"runtime":263},"Learning_Rate_realtime":0.0001,"train_loss":-47.58002305816818,"vali_loss":-47.06933520722006,"_timestamp":1.7456185771192682e+09}