{"Epoch":1,"Learning_Rate_realtime":0.0001,"train_loss":-47.580262103447545,"_wandb":{"runtime":258},"vali_loss":-47.0757887739557,"_timestamp":1.7456400791917026e+09,"_runtime":257.842542207,"_step":0}