{"_step":0,"precision":0.889808235179597,"recall":0.931361228094009,"_wandb":{"runtime":23},"f_score":0.9101106815127027,"_timestamp":1.74565057141554e+09,"_runtime":22.628851873}