{"recall":0.8414885397888231,"f_score":0.876475321888412,"_timestamp":1.7456163659821208e+09,"_wandb":{"runtime":50},"_runtime":49.873112566,"_step":0,"precision":0.9144976210467395}