{"_timestamp":1.7456169189844806e+09,"_wandb":{"runtime":43},"_runtime":43.374947565,"_step":0,"precision":0.9198631810408013,"recall":0.9696111254184908,"f_score":0.9440822467402207}