{"precision":0.9193665377176016,"recall":0.9792686067473603,"f_score":0.9483726150392817,"_timestamp":1.7456186393210957e+09,"_wandb":{"runtime":52},"_runtime":52.149885661,"_step":0}