{"f_score":0.9376102848500126,"_timestamp":1.7456178816025894e+09,"_runtime":56.78161158,"_step":0,"_wandb":{"runtime":57},"precision":0.9181683534929647,"recall":0.9578933814061292}