{"_timestamp":1.745617527945997e+09,"_runtime":44.389700466,"_step":0,"_wandb":{"runtime":44},"precision":0.9203003875968992,"recall":0.9783672418233325,"f_score":0.9484458869055049}