{"_step":0,"Epoch":1,"Learning_Rate_realtime":0.0001,"train_loss":-40.312696388175894,"vali_loss":-46.17211310068766,"_timestamp":1.7456413732132874e+09,"_wandb":{"runtime":30},"_runtime":29.795047403}