{"_timestamp":1.745553509859745e+09,"_runtime":45.493258689,"_step":0,"_wandb":{"runtime":45},"precision":0.9202565343659245,"recall":0.9792686067473603,"f_score":0.9488459139114162}