{"recall":0.9253158538242087,"f_score":0.9076523303461372,"_wandb":{"runtime":20},"_timestamp":1.7456508511528652e+09,"_runtime":19.987533202,"_step":0,"precision":0.8906505393919582}