{"_timestamp":1.7456405881420634e+09,"_runtime":20.019701029,"_step":0,"_wandb":{"runtime":20},"precision":0.891128371513781,"recall":0.9234818638771906,"f_score":0.9070166952982971}