{"_runtime":237.323847706,"_step":0,"Epoch":1,"Learning_Rate_realtime":0.0001,"train_loss":-47.580262103447545,"vali_loss":-47.0757887739557,"_timestamp":1.7456209652041323e+09,"_wandb":{"runtime":237}}