{"_timestamp":1.745617616459923e+09,"_runtime":50.329371917,"_step":0,"precision":0.9181683534929647,"_wandb":{"runtime":50},"recall":0.9578933814061292,"f_score":0.9376102848500126}