{"_wandb":{"runtime":43},"precision":0.9198631810408013,"recall":0.9696111254184908,"f_score":0.9440822467402207,"_timestamp":1.7456173108404753e+09,"_runtime":43.030083319,"_step":0}