{"_step":0,"_wandb":{"runtime":121},"precision":0.936471726807687,"recall":0.9907123007166886,"f_score":0.9628287135749822,"_timestamp":1.7456365861753566e+09,"_runtime":120.913803532}