{"precision":0.9360752706769518,"recall":0.9895056311247623,"f_score":0.9620491672147466,"_timestamp":1.7456369877916045e+09,"_runtime":124.096653093,"_step":0,"_wandb":{"runtime":124}}