{"_step":0,"precision":0.9202783542912953,"_wandb":{"runtime":49},"recall":0.9706412567602369,"f_score":0.944789120762048,"_timestamp":1.7456397298735435e+09,"_runtime":49.655194652}