{"precision":0.8884705098300566,"recall":0.9055495177285695,"f_score":0.8969287180004709,"_wandb":{"runtime":21},"_timestamp":1.7456404543622234e+09,"_runtime":21.039444056,"_step":0}