{"_runtime":42.573944548,"_step":0,"_wandb":{"runtime":43},"precision":0.9144976210467395,"recall":0.8414885397888231,"f_score":0.876475321888412,"_timestamp":1.7456165138902633e+09}