{"vali_loss":-47.53370535368507,"_timestamp":1.7455533525323532e+09,"_runtime":717.819116363,"_step":2,"_wandb":{"runtime":718},"Epoch":2,"Learning_Rate_realtime":7.500000000000001e-05,"train_loss":-48.712938304523846}