{"recall":0.9578933814061292,"f_score":0.9376102848500126,"_timestamp":1.7456177893449712e+09,"_wandb":{"runtime":44},"_runtime":44.192287817,"_step":0,"precision":0.9181683534929647}