{"_wandb":{"runtime":43},"_timestamp":1.7456168463315578e+09,"_runtime":43.023748107,"_step":0,"precision":0.9185469873543268,"recall":0.9540303888745815,"f_score":0.9359525012632642}