{"f_score":0.9613590700344432,"_timestamp":1.7456367731532822e+09,"_runtime":128.352250678,"_step":0,"_wandb":{"runtime":129},"precision":0.9436188195520496,"recall":0.9797791428989323}